Insert into AWUD3U.CUSTOMER_TRANSACTIONS (ID,AMOUNT,CUSTOMER_ID,CREATED_AT) values ('1','10000','1',null);
Insert into AWUD3U.CUSTOMER_TRANSACTIONS (ID,AMOUNT,CUSTOMER_ID,CREATED_AT) values ('2','12000','2',null);
Insert into AWUD3U.CUSTOMER_TRANSACTIONS (ID,AMOUNT,CUSTOMER_ID,CREATED_AT) values ('3','14000','3',null);
Insert into AWUD3U.CUSTOMER_TRANSACTIONS (ID,AMOUNT,CUSTOMER_ID,CREATED_AT) values ('4','10000','4',null);
Insert into AWUD3U.CUSTOMER_TRANSACTIONS (ID,AMOUNT,CUSTOMER_ID,CREATED_AT) values ('5','13000','5',null);

Insert into AWUD3U.CUSTOMERS (ID,NAME,EMAIL,PHONE_NUMBER,BALANCE,DISCOUNT_GROUP,SALES_AREA,CUSTOMER_AREA,UPDATED_AT,CREATED_AT,ADDRESS,SHIPPING_COMMENT) values ('1','Vevõ1',null,'111111','11000','A','Körzet1','1',null,null,'Vevõcím1','Kulcs a lábtörlõ alatt');
Insert into AWUD3U.CUSTOMERS (ID,NAME,EMAIL,PHONE_NUMBER,BALANCE,DISCOUNT_GROUP,SALES_AREA,CUSTOMER_AREA,UPDATED_AT,CREATED_AT,ADDRESS,SHIPPING_COMMENT) values ('2','Vevõ2',null,'222222','12000','A','Körzet1','1',null,null,'Vevõcím2','Balra az elsõ ajtó az udvarban');
Insert into AWUD3U.CUSTOMERS (ID,NAME,EMAIL,PHONE_NUMBER,BALANCE,DISCOUNT_GROUP,SALES_AREA,CUSTOMER_AREA,UPDATED_AT,CREATED_AT,ADDRESS,SHIPPING_COMMENT) values ('3','Vevõ3',null,'333333','13000','B','Körzet1','2',null,null,'Vevõcím3',null);
Insert into AWUD3U.CUSTOMERS (ID,NAME,EMAIL,PHONE_NUMBER,BALANCE,DISCOUNT_GROUP,SALES_AREA,CUSTOMER_AREA,UPDATED_AT,CREATED_AT,ADDRESS,SHIPPING_COMMENT) values ('4','Vevõ4',null,'444444','14000','B','Körzet1','2',null,null,'Vevõcím4','Legalsó csengõ');
Insert into AWUD3U.CUSTOMERS (ID,NAME,EMAIL,PHONE_NUMBER,BALANCE,DISCOUNT_GROUP,SALES_AREA,CUSTOMER_AREA,UPDATED_AT,CREATED_AT,ADDRESS,SHIPPING_COMMENT) values ('5','Vevõ5',null,'555555','15000','B','Körzet1','2',null,null,'Vevõcím5',null);

Insert into AWUD3U.ORDER_PRODUCTS (ID,ORDER_ID,PRODUCT_ID,QUANTITY,PRICE) values ('1','1','1','10',null);
Insert into AWUD3U.ORDER_PRODUCTS (ID,ORDER_ID,PRODUCT_ID,QUANTITY,PRICE) values ('2','1','2','20',null);
Insert into AWUD3U.ORDER_PRODUCTS (ID,ORDER_ID,PRODUCT_ID,QUANTITY,PRICE) values ('3','1','3','5',null);
Insert into AWUD3U.ORDER_PRODUCTS (ID,ORDER_ID,PRODUCT_ID,QUANTITY,PRICE) values ('4','2','1','10',null);
Insert into AWUD3U.ORDER_PRODUCTS (ID,ORDER_ID,PRODUCT_ID,QUANTITY,PRICE) values ('5','2','5','14',null);
Insert into AWUD3U.ORDER_PRODUCTS (ID,ORDER_ID,PRODUCT_ID,QUANTITY,PRICE) values ('6','2','3','5',null);
Insert into AWUD3U.ORDER_PRODUCTS (ID,ORDER_ID,PRODUCT_ID,QUANTITY,PRICE) values ('7','2','4','6',null);
Insert into AWUD3U.ORDER_PRODUCTS (ID,ORDER_ID,PRODUCT_ID,QUANTITY,PRICE) values ('8','3','1','10',null);
Insert into AWUD3U.ORDER_PRODUCTS (ID,ORDER_ID,PRODUCT_ID,QUANTITY,PRICE) values ('9','3','5','14',null);
Insert into AWUD3U.ORDER_PRODUCTS (ID,ORDER_ID,PRODUCT_ID,QUANTITY,PRICE) values ('10','3','3','5',null);
Insert into AWUD3U.ORDER_PRODUCTS (ID,ORDER_ID,PRODUCT_ID,QUANTITY,PRICE) values ('11','3','6','6',null);
Insert into AWUD3U.ORDER_PRODUCTS (ID,ORDER_ID,PRODUCT_ID,QUANTITY,PRICE) values ('12','4','1','12',null);
Insert into AWUD3U.ORDER_PRODUCTS (ID,ORDER_ID,PRODUCT_ID,QUANTITY,PRICE) values ('13','4','5','11',null);
Insert into AWUD3U.ORDER_PRODUCTS (ID,ORDER_ID,PRODUCT_ID,QUANTITY,PRICE) values ('14','4','2','20',null);
Insert into AWUD3U.ORDER_PRODUCTS (ID,ORDER_ID,PRODUCT_ID,QUANTITY,PRICE) values ('15','4','4','16',null);
Insert into AWUD3U.ORDER_PRODUCTS (ID,ORDER_ID,PRODUCT_ID,QUANTITY,PRICE) values ('16','4','6','8',null);
Insert into AWUD3U.ORDER_PRODUCTS (ID,ORDER_ID,PRODUCT_ID,QUANTITY,PRICE) values ('17','5','1','11',null);
Insert into AWUD3U.ORDER_PRODUCTS (ID,ORDER_ID,PRODUCT_ID,QUANTITY,PRICE) values ('18','5','3','17',null);
Insert into AWUD3U.ORDER_PRODUCTS (ID,ORDER_ID,PRODUCT_ID,QUANTITY,PRICE) values ('19','5','6','5',null);
Insert into AWUD3U.ORDER_PRODUCTS (ID,ORDER_ID,PRODUCT_ID,QUANTITY,PRICE) values ('20','5','4','26',null);
Insert into AWUD3U.ORDER_PRODUCTS (ID,ORDER_ID,PRODUCT_ID,QUANTITY,PRICE) values ('21','6','2','10',null);
Insert into AWUD3U.ORDER_PRODUCTS (ID,ORDER_ID,PRODUCT_ID,QUANTITY,PRICE) values ('22','6','5','14',null);
Insert into AWUD3U.ORDER_PRODUCTS (ID,ORDER_ID,PRODUCT_ID,QUANTITY,PRICE) values ('23','6','3','5',null);
Insert into AWUD3U.ORDER_PRODUCTS (ID,ORDER_ID,PRODUCT_ID,QUANTITY,PRICE) values ('24','6','4','6',null);

Insert into AWUD3U.ORDERS (ID,CUSTOMER_ID,ORDER_IDENTIFIER,CREATED_AT,INVOICE_ISSUED_AT,PAYED_AT,CANCELLED_AT,SHIPPED_AT) values ('1','1','1',to_date('17-JAN-23','RR-MON-DD'),null,null,null,null);
Insert into AWUD3U.ORDERS (ID,CUSTOMER_ID,ORDER_IDENTIFIER,CREATED_AT,INVOICE_ISSUED_AT,PAYED_AT,CANCELLED_AT,SHIPPED_AT) values ('2','2','2',to_date('17-JAN-23','RR-MON-DD'),null,null,null,null);
Insert into AWUD3U.ORDERS (ID,CUSTOMER_ID,ORDER_IDENTIFIER,CREATED_AT,INVOICE_ISSUED_AT,PAYED_AT,CANCELLED_AT,SHIPPED_AT) values ('3','3','3',to_date('17-JAN-23','RR-MON-DD'),null,null,null,null);
Insert into AWUD3U.ORDERS (ID,CUSTOMER_ID,ORDER_IDENTIFIER,CREATED_AT,INVOICE_ISSUED_AT,PAYED_AT,CANCELLED_AT,SHIPPED_AT) values ('4','3','4',to_date('17-JAN-24','RR-MON-DD'),null,null,null,null);
Insert into AWUD3U.ORDERS (ID,CUSTOMER_ID,ORDER_IDENTIFIER,CREATED_AT,INVOICE_ISSUED_AT,PAYED_AT,CANCELLED_AT,SHIPPED_AT) values ('5','4','5',to_date('17-JAN-24','RR-MON-DD'),null,null,null,null);
Insert into AWUD3U.ORDERS (ID,CUSTOMER_ID,ORDER_IDENTIFIER,CREATED_AT,INVOICE_ISSUED_AT,PAYED_AT,CANCELLED_AT,SHIPPED_AT) values ('6','4','6',to_date('17-JAN-24','RR-MON-DD'),null,null,null,null);

Insert into AWUD3U.PRODUCT_CATEGORIES (ID,TITLE,SKU) values ('1','Konzerv','1');
Insert into AWUD3U.PRODUCT_CATEGORIES (ID,TITLE,SKU) values ('2','Üdítõ','2');
Insert into AWUD3U.PRODUCT_CATEGORIES (ID,TITLE,SKU) values ('3','Egyéb','3');

Insert into AWUD3U.PRODUCT_STOCK (ID,WHOLESALER_ID,PRODUCT_ID,QUANTITY) values ('1','1','1','140');
Insert into AWUD3U.PRODUCT_STOCK (ID,WHOLESALER_ID,PRODUCT_ID,QUANTITY) values ('2','2','1','150');
Insert into AWUD3U.PRODUCT_STOCK (ID,WHOLESALER_ID,PRODUCT_ID,QUANTITY) values ('3','1','2','190');
Insert into AWUD3U.PRODUCT_STOCK (ID,WHOLESALER_ID,PRODUCT_ID,QUANTITY) values ('4','3','2','200');
Insert into AWUD3U.PRODUCT_STOCK (ID,WHOLESALER_ID,PRODUCT_ID,QUANTITY) values ('5','2','3','260');
Insert into AWUD3U.PRODUCT_STOCK (ID,WHOLESALER_ID,PRODUCT_ID,QUANTITY) values ('6','4','3','270');
Insert into AWUD3U.PRODUCT_STOCK (ID,WHOLESALER_ID,PRODUCT_ID,QUANTITY) values ('7','3','4','80');
Insert into AWUD3U.PRODUCT_STOCK (ID,WHOLESALER_ID,PRODUCT_ID,QUANTITY) values ('8','4','4','90');
Insert into AWUD3U.PRODUCT_STOCK (ID,WHOLESALER_ID,PRODUCT_ID,QUANTITY) values ('9','1','5','120');
Insert into AWUD3U.PRODUCT_STOCK (ID,WHOLESALER_ID,PRODUCT_ID,QUANTITY) values ('10','4','5','140');
Insert into AWUD3U.PRODUCT_STOCK (ID,WHOLESALER_ID,PRODUCT_ID,QUANTITY) values ('11','2','6','300');
Insert into AWUD3U.PRODUCT_STOCK (ID,WHOLESALER_ID,PRODUCT_ID,QUANTITY) values ('12','3','6','320');

Insert into AWUD3U.PRODUCTS (ID,SKU,TITLE,PRICE,PRICE_A,PRICE_B,PRICE_C,PRICE_D,PRODUCT_CATEGORY_ID,AVAILABILITY,CREATED_AT,UPDATED_AT,UNIT) values ('1','1','Almalé','200','190','180','170','160','2',null,null,null,'liter');
Insert into AWUD3U.PRODUCTS (ID,SKU,TITLE,PRICE,PRICE_A,PRICE_B,PRICE_C,PRICE_D,PRODUCT_CATEGORY_ID,AVAILABILITY,CREATED_AT,UPDATED_AT,UNIT) values ('2','2','Megylé','250','240','230','220','210','2',null,null,null,'liter');
Insert into AWUD3U.PRODUCTS (ID,SKU,TITLE,PRICE,PRICE_A,PRICE_B,PRICE_C,PRICE_D,PRODUCT_CATEGORY_ID,AVAILABILITY,CREATED_AT,UPDATED_AT,UNIT) values ('3','3','Babkonzerv','350','340','330','320','310','1',null,null,null,'doboz');
Insert into AWUD3U.PRODUCTS (ID,SKU,TITLE,PRICE,PRICE_A,PRICE_B,PRICE_C,PRICE_D,PRODUCT_CATEGORY_ID,AVAILABILITY,CREATED_AT,UPDATED_AT,UNIT) values ('4','4','Kukorica','150','140','130','120','110','1',null,null,null,'doboz');
Insert into AWUD3U.PRODUCTS (ID,SKU,TITLE,PRICE,PRICE_A,PRICE_B,PRICE_C,PRICE_D,PRODUCT_CATEGORY_ID,AVAILABILITY,CREATED_AT,UPDATED_AT,UNIT) values ('5','5','Cukor','200','190','180','170','160','3',null,null,null,'kg');
Insert into AWUD3U.PRODUCTS (ID,SKU,TITLE,PRICE,PRICE_A,PRICE_B,PRICE_C,PRICE_D,PRODUCT_CATEGORY_ID,AVAILABILITY,CREATED_AT,UPDATED_AT,UNIT) values ('6','6','Rizs','400','390','380','370','360','3',null,null,null,'kg');

Insert into AWUD3U.WHOLESALE_ORDER_PRODUCTS (ID,PRODUCT_ID,QUANTITY,PRICE,WHOLESALER_ORDER_ID,ORDER_PRODUCT_ID) values ('4','1','10','100','1','1');
Insert into AWUD3U.WHOLESALE_ORDER_PRODUCTS (ID,PRODUCT_ID,QUANTITY,PRICE,WHOLESALER_ORDER_ID,ORDER_PRODUCT_ID) values ('5','2','20','100','1','2');
Insert into AWUD3U.WHOLESALE_ORDER_PRODUCTS (ID,PRODUCT_ID,QUANTITY,PRICE,WHOLESALER_ORDER_ID,ORDER_PRODUCT_ID) values ('6','5','11','100','1','13');
Insert into AWUD3U.WHOLESALE_ORDER_PRODUCTS (ID,PRODUCT_ID,QUANTITY,PRICE,WHOLESALER_ORDER_ID,ORDER_PRODUCT_ID) values ('7','3','5','100','2','3');
Insert into AWUD3U.WHOLESALE_ORDER_PRODUCTS (ID,PRODUCT_ID,QUANTITY,PRICE,WHOLESALER_ORDER_ID,ORDER_PRODUCT_ID) values ('8','6','8','100','2','16');
Insert into AWUD3U.WHOLESALE_ORDER_PRODUCTS (ID,PRODUCT_ID,QUANTITY,PRICE,WHOLESALER_ORDER_ID,ORDER_PRODUCT_ID) values ('9','4','16','100','3','15');

Insert into AWUD3U.WHOLESALE_ORDERS (ID,WHOLESALER_ID,ORDER_IDENTIFIER,CREATED_AT,INVOICE_ISSUED_AT,PAYED_AT,CANCELLED_AT,SCHEDULED_FOR,ARRIVED_AT) values ('1','1','SZR1',to_date('18-NOV-05','RR-MON-DD'),null,null,null,null,to_date('18-NOV-08','RR-MON-DD'));
Insert into AWUD3U.WHOLESALE_ORDERS (ID,WHOLESALER_ID,ORDER_IDENTIFIER,CREATED_AT,INVOICE_ISSUED_AT,PAYED_AT,CANCELLED_AT,SCHEDULED_FOR,ARRIVED_AT) values ('2','2','SZR2',to_date('18-NOV-05','RR-MON-DD'),null,null,null,null,to_date('18-NOV-10','RR-MON-DD'));
Insert into AWUD3U.WHOLESALE_ORDERS (ID,WHOLESALER_ID,ORDER_IDENTIFIER,CREATED_AT,INVOICE_ISSUED_AT,PAYED_AT,CANCELLED_AT,SCHEDULED_FOR,ARRIVED_AT) values ('3','4','SZR3',to_date('18-NOV-05','RR-MON-DD'),null,null,null,null,null);

Insert into AWUD3U.WHOLESALERS (ID,TITLE,ADDRESS,PHONE_NUMBER) values ('1','Szállító1','Szállítócím1','1555555');
Insert into AWUD3U.WHOLESALERS (ID,TITLE,ADDRESS,PHONE_NUMBER) values ('2','Szállító2','Szállítócím2','2555555');
Insert into AWUD3U.WHOLESALERS (ID,TITLE,ADDRESS,PHONE_NUMBER) values ('3','Szállító3','Szállítócím3','3555555');
Insert into AWUD3U.WHOLESALERS (ID,TITLE,ADDRESS,PHONE_NUMBER) values ('4','Szállító4','Szállítócím4','4555555');